<?xml version="1.0"?>
<root>
  <Project>
    <ShotGroup SalsifyID="">
      <Image ImageName="0100001_5490CONGRATS2012_A_" ShotView="A" ShotType="" Collections="N" BuyerComments="">
        <Sample FOB="64" Deptt_Nmbr="997" Deptt_Nm="" Vndr_Nm="BELK GIFT CARD" Vndr_ID="0100001" Style_Nmbr="5490CONGRATS2012" Style_ORIN="289442950" Prod_Nm="Gift Card" Color_Nmbr="" Color_Nm="" Class_Nmbr="9091" Class_Desc="" Completion_Date="" Prod_cd_Salsify="01000015490CONGRATS2012" ECOMColorCd="" ReturnTo="" RequestedReturnDt="" ReturnNotes=""/>
      </Image>
    </ShotGroup>
    <ShotGroup SalsifyID="">
      <Image ImageName="_00506_A_110" ShotView="A" ShotType="" Collections="N" BuyerComments="">
        <Sample FOB="14" Deptt_Nmbr="231" Deptt_Nm="" Vndr_Nm="KIM ROGERS/CAROLINA UNDERWEAR" Vndr_ID="" Style_Nmbr="00506" Style_ORIN="100645407" Prod_Nm="3/14.99 CTN BRF:5:WHITE" Color_Nmbr="110" Color_Nm="WHITE" Class_Nmbr="2311" Class_Desc="" Completion_Date="2012-08-15T04:00:00" Prod_cd_Salsify="0400001016305" ECOMColorCd="110" ReturnTo="" RequestedReturnDt="" ReturnNotes=""/>
      </Image>
    </ShotGroup>
    <ShotGroup SalsifyID="">
      <Image ImageName="_00506_A_110" ShotView="A" ShotType="" Collections="N" BuyerComments="">
        <Sample FOB="14" Deptt_Nmbr="231" Deptt_Nm="" Vndr_Nm="KIM ROGERS/CAROLINA UNDERWEAR" Vndr_ID="" Style_Nmbr="00506" Style_ORIN="100645407" Prod_Nm="3/14.99 CTN BRF:6:WHITE" Color_Nmbr="" Color_Nm="WHITE" Class_Nmbr="2311" Class_Desc="" Completion_Date="2012-08-15T04:00:00" Prod_cd_Salsify="0400001016312" ECOMColorCd="110" ReturnTo="" RequestedReturnDt="" ReturnNotes=""/>
      </Image>
    </ShotGroup>
    <ShotGroup SalsifyID="">
      <Image ImageName="_00506_A_110" ShotView="A" ShotType="" Collections="N" BuyerComments="">
        <Sample FOB="14" Deptt_Nmbr="231" Deptt_Nm="" Vndr_Nm="KIM ROGERS/CAROLINA UNDERWEAR" Vndr_ID="" Style_Nmbr="00506" Style_ORIN="100645407" Prod_Nm="3/14.99 CTN BRF:7:WHITE" Color_Nmbr="" Color_Nm="WHITE" Class_Nmbr="2311" Class_Desc="" Completion_Date="2012-08-15T04:00:00" Prod_cd_Salsify="0400001016329" ECOMColorCd="110" ReturnTo="" RequestedReturnDt="" ReturnNotes=""/>
      </Image>
    </ShotGroup>
    <ShotGroup SalsifyID="">
      <Image ImageName="_00506_A_110" ShotView="A" ShotType="" Collections="N" BuyerComments="">
        <Sample FOB="14" Deptt_Nmbr="231" Deptt_Nm="" Vndr_Nm="KIM ROGERS/CAROLINA UNDERWEAR" Vndr_ID="" Style_Nmbr="00506" Style_ORIN="100645407" Prod_Nm="3/14.99 CTN BRF:8:WHITE" Color_Nmbr="" Color_Nm="WHITE" Class_Nmbr="2311" Class_Desc="" Completion_Date="2012-08-15T04:00:00" Prod_cd_Salsify="0400001016336" ECOMColorCd="110" ReturnTo="" RequestedReturnDt="" ReturnNotes=""/>
      </Image>
    </ShotGroup>
    <ShotGroup SalsifyID="">
      <Image ImageName="_00506_A_110" ShotView="A" ShotType="" Collections="N" BuyerComments="">
        <Sample FOB="14" Deptt_Nmbr="231" Deptt_Nm="" Vndr_Nm="KIM ROGERS/CAROLINA UNDERWEAR" Vndr_ID="" Style_Nmbr="00506" Style_ORIN="100645407" Prod_Nm="3/14.99 CTN BRF:9:WHITE" Color_Nmbr="" Color_Nm="WHITE" Class_Nmbr="2311" Class_Desc="" Completion_Date="2012-08-15T04:00:00" Prod_cd_Salsify="0400001016343" ECOMColorCd="110" ReturnTo="" RequestedReturnDt="" ReturnNotes=""/>
      </Image>
    </ShotGroup>
    <ShotGroup SalsifyID="">
      <Image ImageName="_00506_A_110" ShotView="A" ShotType="" Collections="N" BuyerComments="">
        <Sample FOB="14" Deptt_Nmbr="231" Deptt_Nm="" Vndr_Nm="KIM ROGERS/CAROLINA UNDERWEAR" Vndr_ID="" Style_Nmbr="00506" Style_ORIN="100645407" Prod_Nm="3/14.99 CTN BRF:10:WHITE" Color_Nmbr="" Color_Nm="WHITE" Class_Nmbr="2311" Class_Desc="" Completion_Date="2012-08-15T04:00:00" Prod_cd_Salsify="0400001016350" ECOMColorCd="110" ReturnTo="" RequestedReturnDt="" ReturnNotes=""/>
      </Image>
    </ShotGroup>
    <ShotGroup SalsifyID="">
      <Image ImageName="2100836__A_100" ShotView="A" ShotType="" Collections="N" BuyerComments="">
        <Sample FOB="" Deptt_Nmbr="" Deptt_Nm="" Vndr_Nm="" Vndr_ID="2100836" Style_Nmbr="" Style_ORIN="" Prod_Nm="UW FLOWER BALI:34 B:WHITE" Color_Nmbr="100" Color_Nm="WHITE" Class_Nmbr="" Class_Desc="" Completion_Date="2013-12-02T05:00:00" Prod_cd_Salsify="0400001234273" ECOMColorCd="100" ReturnTo="" RequestedReturnDt="" ReturnNotes=""/>
      </Image>
    </ShotGroup>
    <ShotGroup SalsifyID="">
      <Image ImageName="2100836__A_100" ShotView="A" ShotType="" Collections="N" BuyerComments="">
        <Sample FOB="" Deptt_Nmbr="" Deptt_Nm="" Vndr_Nm="" Vndr_ID="2100836" Style_Nmbr="" Style_ORIN="" Prod_Nm="UW FLOWER BALI:34 C:WHITE" Color_Nmbr="100" Color_Nm="WHITE" Class_Nmbr="" Class_Desc="" Completion_Date="2013-12-02T05:00:00" Prod_cd_Salsify="0400001234280" ECOMColorCd="100" ReturnTo="" RequestedReturnDt="" ReturnNotes=""/>
      </Image>
    </ShotGroup>
    <ShotGroup SalsifyID="">
      <Image ImageName="2100836__A_100" ShotView="A" ShotType="" Collections="N" BuyerComments="">
        <Sample FOB="" Deptt_Nmbr="" Deptt_Nm="" Vndr_Nm="" Vndr_ID="2100836" Style_Nmbr="" Style_ORIN="" Prod_Nm="UW FLOWER BALI:34 D:WHITE" Color_Nmbr="100" Color_Nm="WHITE" Class_Nmbr="" Class_Desc="" Completion_Date="2013-12-02T05:00:00" Prod_cd_Salsify="0400001234297" ECOMColorCd="100" ReturnTo="" RequestedReturnDt="" ReturnNotes=""/>
      </Image>
    </ShotGroup>
    <ShotGroup SalsifyID="">
      <Image ImageName="2100836__A_100" ShotView="A" ShotType="" Collections="N" BuyerComments="">
        <Sample FOB="" Deptt_Nmbr="" Deptt_Nm="" Vndr_Nm="" Vndr_ID="2100836" Style_Nmbr="" Style_ORIN="" Prod_Nm="UW FLOWER BALI:36 C:WHITE" Color_Nmbr="100" Color_Nm="WHITE" Class_Nmbr="" Class_Desc="" Completion_Date="2013-12-02T05:00:00" Prod_cd_Salsify="0400001234327" ECOMColorCd="100" ReturnTo="" RequestedReturnDt="" ReturnNotes=""/>
      </Image>
    </ShotGroup>
    <ShotGroup SalsifyID="">
      <Image ImageName="2100836__A_100" ShotView="A" ShotType="" Collections="N" BuyerComments="">
        <Sample FOB="" Deptt_Nmbr="" Deptt_Nm="" Vndr_Nm="" Vndr_ID="2100836" Style_Nmbr="" Style_ORIN="" Prod_Nm="UW FLOWER BALI:36 D:WHITE" Color_Nmbr="100" Color_Nm="WHITE" Class_Nmbr="" Class_Desc="" Completion_Date="2013-12-02T05:00:00" Prod_cd_Salsify="0400001234334" ECOMColorCd="100" ReturnTo="" RequestedReturnDt="" ReturnNotes=""/>
      </Image>
    </ShotGroup>
    <ShotGroup SalsifyID="">
      <Image ImageName="2100836__A_100" ShotView="A" ShotType="" Collections="N" BuyerComments="">
        <Sample FOB="" Deptt_Nmbr="" Deptt_Nm="" Vndr_Nm="" Vndr_ID="2100836" Style_Nmbr="" Style_ORIN="" Prod_Nm="UW FLOWER BALI:36 DD:WHITE" Color_Nmbr="100" Color_Nm="WHITE" Class_Nmbr="" Class_Desc="" Completion_Date="2013-12-02T05:00:00" Prod_cd_Salsify="0400001234341" ECOMColorCd="100" ReturnTo="" RequestedReturnDt="" ReturnNotes=""/>
      </Image>
    </ShotGroup>
    <ShotGroup SalsifyID="">
      <Image ImageName="2100836__A_100" ShotView="A" ShotType="" Collections="N" BuyerComments="">
        <Sample FOB="" Deptt_Nmbr="" Deptt_Nm="" Vndr_Nm="" Vndr_ID="2100836" Style_Nmbr="" Style_ORIN="" Prod_Nm="UW FLOWER BALI:38 B:WHITE" Color_Nmbr="100" Color_Nm="WHITE" Class_Nmbr="" Class_Desc="" Completion_Date="2013-12-02T05:00:00" Prod_cd_Salsify="0400001234358" ECOMColorCd="100" ReturnTo="" RequestedReturnDt="" ReturnNotes=""/>
      </Image>
    </ShotGroup>
    <ShotGroup SalsifyID="">
      <Image ImageName="2100836__A_100" ShotView="A" ShotType="" Collections="N" BuyerComments="">
        <Sample FOB="" Deptt_Nmbr="" Deptt_Nm="" Vndr_Nm="" Vndr_ID="2100836" Style_Nmbr="" Style_ORIN="" Prod_Nm="UW FLOWER BALI:38 C:WHITE" Color_Nmbr="100" Color_Nm="WHITE" Class_Nmbr="" Class_Desc="" Completion_Date="2013-12-02T05:00:00" Prod_cd_Salsify="0400001234365" ECOMColorCd="100" ReturnTo="" RequestedReturnDt="" ReturnNotes=""/>
      </Image>
    </ShotGroup>
    <ShotGroup SalsifyID="">
      <Image ImageName="2100836__A_100" ShotView="A" ShotType="" Collections="N" BuyerComments="">
        <Sample FOB="" Deptt_Nmbr="" Deptt_Nm="" Vndr_Nm="" Vndr_ID="2100836" Style_Nmbr="" Style_ORIN="" Prod_Nm="UW FLOWER BALI:38 D:WHITE" Color_Nmbr="100" Color_Nm="WHITE" Class_Nmbr="" Class_Desc="" Completion_Date="2013-12-02T05:00:00" Prod_cd_Salsify="0400001234372" ECOMColorCd="100" ReturnTo="" RequestedReturnDt="" ReturnNotes=""/>
      </Image>
    </ShotGroup>
    <ShotGroup SalsifyID="">
      <Image ImageName="2100836__A_100" ShotView="A" ShotType="" Collections="N" BuyerComments="">
        <Sample FOB="" Deptt_Nmbr="" Deptt_Nm="" Vndr_Nm="" Vndr_ID="2100836" Style_Nmbr="" Style_ORIN="" Prod_Nm="UW FLOWER BALI:38 DD:WHITE" Color_Nmbr="100" Color_Nm="WHITE" Class_Nmbr="" Class_Desc="" Completion_Date="2013-12-02T05:00:00" Prod_cd_Salsify="0400001234389" ECOMColorCd="100" ReturnTo="" RequestedReturnDt="" ReturnNotes=""/>
      </Image>
    </ShotGroup>
    <ShotGroup SalsifyID="">
      <Image ImageName="2100836__A_100" ShotView="A" ShotType="" Collections="N" BuyerComments="">
        <Sample FOB="" Deptt_Nmbr="" Deptt_Nm="" Vndr_Nm="" Vndr_ID="2100836" Style_Nmbr="" Style_ORIN="" Prod_Nm="UW FLOWER BALI:40 C:WHITE" Color_Nmbr="100" Color_Nm="WHITE" Class_Nmbr="" Class_Desc="" Completion_Date="2013-12-02T05:00:00" Prod_cd_Salsify="0400001234402" ECOMColorCd="100" ReturnTo="" RequestedReturnDt="" ReturnNotes=""/>
      </Image>
    </ShotGroup>
    <ShotGroup SalsifyID="">
      <Image ImageName="2100836__A_100" ShotView="A" ShotType="" Collections="N" BuyerComments="">
        <Sample FOB="" Deptt_Nmbr="" Deptt_Nm="" Vndr_Nm="" Vndr_ID="2100836" Style_Nmbr="" Style_ORIN="" Prod_Nm="UW FLOWER BALI:40 D:WHITE" Color_Nmbr="100" Color_Nm="WHITE" Class_Nmbr="" Class_Desc="" Completion_Date="2013-12-02T05:00:00" Prod_cd_Salsify="0400001234419" ECOMColorCd="100" ReturnTo="" RequestedReturnDt="" ReturnNotes=""/>
      </Image>
    </ShotGroup>
    <ShotGroup SalsifyID="">
      <Image ImageName="2100836__A_100" ShotView="A" ShotType="" Collections="N" BuyerComments="">
        <Sample FOB="" Deptt_Nmbr="" Deptt_Nm="" Vndr_Nm="" Vndr_ID="2100836" Style_Nmbr="" Style_ORIN="" Prod_Nm="UW FLOWER BALI:40 DD:WHITE" Color_Nmbr="100" Color_Nm="WHITE" Class_Nmbr="" Class_Desc="" Completion_Date="2013-12-02T05:00:00" Prod_cd_Salsify="0400001234426" ECOMColorCd="100" ReturnTo="" RequestedReturnDt="" ReturnNotes=""/>
      </Image>
    </ShotGroup>
    <ShotGroup SalsifyID="">
      <Image ImageName="2100836__A_100" ShotView="A" ShotType="" Collections="N" BuyerComments="">
        <Sample FOB="" Deptt_Nmbr="" Deptt_Nm="" Vndr_Nm="" Vndr_ID="2100836" Style_Nmbr="" Style_ORIN="" Prod_Nm="UW FLOWER BALI:36 B:WHITE" Color_Nmbr="100" Color_Nm="WHITE" Class_Nmbr="" Class_Desc="" Completion_Date="2013-12-02T05:00:00" Prod_cd_Salsify="0400001234433" ECOMColorCd="100" ReturnTo="" RequestedReturnDt="" ReturnNotes=""/>
      </Image>
    </ShotGroup>
    <ShotGroup SalsifyID="">
      <Image ImageName="2100836__A_100" ShotView="A" ShotType="" Collections="N" BuyerComments="">
        <Sample FOB="" Deptt_Nmbr="" Deptt_Nm="" Vndr_Nm="" Vndr_ID="2100836" Style_Nmbr="" Style_ORIN="" Prod_Nm="UW FLOWER BALI:42 C:WHITE" Color_Nmbr="100" Color_Nm="WHITE" Class_Nmbr="" Class_Desc="" Completion_Date="2013-12-02T05:00:00" Prod_cd_Salsify="0400001234440" ECOMColorCd="100" ReturnTo="" RequestedReturnDt="" ReturnNotes=""/>
      </Image>
    </ShotGroup>
    <ShotGroup SalsifyID="">
      <Image ImageName="2100836__A_100" ShotView="A" ShotType="" Collections="N" BuyerComments="">
        <Sample FOB="" Deptt_Nmbr="" Deptt_Nm="" Vndr_Nm="" Vndr_ID="2100836" Style_Nmbr="" Style_ORIN="" Prod_Nm="UW FLOWER BALI:42 D:WHITE" Color_Nmbr="100" Color_Nm="WHITE" Class_Nmbr="" Class_Desc="" Completion_Date="2013-12-02T05:00:00" Prod_cd_Salsify="0400001234457" ECOMColorCd="100" ReturnTo="" RequestedReturnDt="" ReturnNotes=""/>
      </Image>
    </ShotGroup>
    <ShotGroup SalsifyID="">
      <Image ImageName="2100836__A_100" ShotView="A" ShotType="" Collections="N" BuyerComments="">
        <Sample FOB="" Deptt_Nmbr="" Deptt_Nm="" Vndr_Nm="" Vndr_ID="2100836" Style_Nmbr="" Style_ORIN="" Prod_Nm="UW FLOWER BALI:42 DD:WHITE" Color_Nmbr="100" Color_Nm="WHITE" Class_Nmbr="" Class_Desc="" Completion_Date="2013-12-02T05:00:00" Prod_cd_Salsify="0400001234464" ECOMColorCd="100" ReturnTo="" RequestedReturnDt="" ReturnNotes=""/>
      </Image>
    </ShotGroup>
    <ShotGroup SalsifyID="">
      <Image ImageName="2100836__A_100" ShotView="A" ShotType="" Collections="N" BuyerComments="">
        <Sample FOB="" Deptt_Nmbr="" Deptt_Nm="" Vndr_Nm="" Vndr_ID="2100836" Style_Nmbr="" Style_ORIN="" Prod_Nm="UW FLOWER BALI:44 C:WHITE" Color_Nmbr="100" Color_Nm="WHITE" Class_Nmbr="" Class_Desc="" Completion_Date="2013-12-02T05:00:00" Prod_cd_Salsify="0400001234488" ECOMColorCd="100" ReturnTo="" RequestedReturnDt="" ReturnNotes=""/>
      </Image>
    </ShotGroup>
    <ShotGroup SalsifyID="">
      <Image ImageName="2100836__A_100" ShotView="A" ShotType="" Collections="N" BuyerComments="">
        <Sample FOB="" Deptt_Nmbr="" Deptt_Nm="" Vndr_Nm="" Vndr_ID="2100836" Style_Nmbr="" Style_ORIN="" Prod_Nm="UW FLOWER BALI:44 D:WHITE" Color_Nmbr="100" Color_Nm="WHITE" Class_Nmbr="" Class_Desc="" Completion_Date="2013-12-02T05:00:00" Prod_cd_Salsify="0400001234495" ECOMColorCd="100" ReturnTo="" RequestedReturnDt="" ReturnNotes=""/>
      </Image>
    </ShotGroup>
    <ShotGroup SalsifyID="">
      <Image ImageName="2100836__A_100" ShotView="A" ShotType="" Collections="N" BuyerComments="">
        <Sample FOB="" Deptt_Nmbr="" Deptt_Nm="" Vndr_Nm="" Vndr_ID="2100836" Style_Nmbr="" Style_ORIN="" Prod_Nm="UW FLOWER BALI:44 DD:WHITE" Color_Nmbr="100" Color_Nm="WHITE" Class_Nmbr="" Class_Desc="" Completion_Date="2013-12-02T05:00:00" Prod_cd_Salsify="0400001234501" ECOMColorCd="100" ReturnTo="" RequestedReturnDt="" ReturnNotes=""/>
      </Image>
    </ShotGroup>
    <ShotGroup SalsifyID="">
      <Image ImageName="2100836__A_100" ShotView="A" ShotType="" Collections="N" BuyerComments="">
        <Sample FOB="" Deptt_Nmbr="" Deptt_Nm="" Vndr_Nm="" Vndr_ID="2100836" Style_Nmbr="" Style_ORIN="" Prod_Nm="DBL SPRT CMFRT STRCH:34 B:WHITE" Color_Nmbr="100" Color_Nm="White" Class_Nmbr="" Class_Desc="" Completion_Date="2013-12-02T05:00:00" Prod_cd_Salsify="0400001240816" ECOMColorCd="100" ReturnTo="" RequestedReturnDt="" ReturnNotes=""/>
      </Image>
    </ShotGroup>
    <ShotGroup SalsifyID="">
      <Image ImageName="2100836__A_100" ShotView="A" ShotType="" Collections="N" BuyerComments="">
        <Sample FOB="" Deptt_Nmbr="" Deptt_Nm="" Vndr_Nm="" Vndr_ID="2100836" Style_Nmbr="" Style_ORIN="" Prod_Nm="DBL SPRT CMFRT STRCH:34 C:WHITE" Color_Nmbr="100" Color_Nm="White" Class_Nmbr="" Class_Desc="" Completion_Date="2013-12-02T05:00:00" Prod_cd_Salsify="0400001240823" ECOMColorCd="100" ReturnTo="" RequestedReturnDt="" ReturnNotes=""/>
      </Image>
    </ShotGroup>
    <ShotGroup SalsifyID="">
      <Image ImageName="2100836__A_100" ShotView="A" ShotType="" Collections="N" BuyerComments="">
        <Sample FOB="" Deptt_Nmbr="" Deptt_Nm="" Vndr_Nm="" Vndr_ID="2100836" Style_Nmbr="" Style_ORIN="" Prod_Nm="DBL SPRT CMFRT STRCH:34 D:WHITE" Color_Nmbr="100" Color_Nm="White" Class_Nmbr="" Class_Desc="" Completion_Date="2013-12-02T05:00:00" Prod_cd_Salsify="0400001240830" ECOMColorCd="100" ReturnTo="" RequestedReturnDt="" ReturnNotes=""/>
      </Image>
    </ShotGroup>
    <ShotGroup SalsifyID="">
      <Image ImageName="2100836__A_100" ShotView="A" ShotType="" Collections="N" BuyerComments="">
        <Sample FOB="" Deptt_Nmbr="" Deptt_Nm="" Vndr_Nm="" Vndr_ID="2100836" Style_Nmbr="" Style_ORIN="" Prod_Nm="DBL SPRT CMFRT STRCH:36 C:WHITE" Color_Nmbr="100" Color_Nm="White" Class_Nmbr="" Class_Desc="" Completion_Date="2013-12-02T05:00:00" Prod_cd_Salsify="0400001240854" ECOMColorCd="100" ReturnTo="" RequestedReturnDt="" ReturnNotes=""/>
      </Image>
    </ShotGroup>
    <ShotGroup SalsifyID="">
      <Image ImageName="2100836__A_100" ShotView="A" ShotType="" Collections="N" BuyerComments="">
        <Sample FOB="" Deptt_Nmbr="" Deptt_Nm="" Vndr_Nm="" Vndr_ID="2100836" Style_Nmbr="" Style_ORIN="" Prod_Nm="DBL SPRT CMFRT STRCH:36 D:WHITE" Color_Nmbr="100" Color_Nm="White" Class_Nmbr="" Class_Desc="" Completion_Date="2013-12-02T05:00:00" Prod_cd_Salsify="0400001240861" ECOMColorCd="100" ReturnTo="" RequestedReturnDt="" ReturnNotes=""/>
      </Image>
    </ShotGroup>
    <ShotGroup SalsifyID="">
      <Image ImageName="2100836__A_100" ShotView="A" ShotType="" Collections="N" BuyerComments="">
        <Sample FOB="" Deptt_Nmbr="" Deptt_Nm="" Vndr_Nm="" Vndr_ID="2100836" Style_Nmbr="" Style_ORIN="" Prod_Nm="DBL SPRT CMFRT STRCH:38 B:WHITE" Color_Nmbr="100" Color_Nm="White" Class_Nmbr="" Class_Desc="" Completion_Date="2013-12-02T05:00:00" Prod_cd_Salsify="0400001240878" ECOMColorCd="100" ReturnTo="" RequestedReturnDt="" ReturnNotes=""/>
      </Image>
    </ShotGroup>
    <ShotGroup SalsifyID="">
      <Image ImageName="2100836__A_100" ShotView="A" ShotType="" Collections="N" BuyerComments="">
        <Sample FOB="" Deptt_Nmbr="" Deptt_Nm="" Vndr_Nm="" Vndr_ID="2100836" Style_Nmbr="" Style_ORIN="" Prod_Nm="DBL SPRT CMFRT STRCH:38 C:WHITE" Color_Nmbr="100" Color_Nm="White" Class_Nmbr="" Class_Desc="" Completion_Date="2013-12-02T05:00:00" Prod_cd_Salsify="0400001240885" ECOMColorCd="100" ReturnTo="" RequestedReturnDt="" ReturnNotes=""/>
      </Image>
    </ShotGroup>
    <ShotGroup SalsifyID="">
      <Image ImageName="2100836__A_100" ShotView="A" ShotType="" Collections="N" BuyerComments="">
        <Sample FOB="" Deptt_Nmbr="" Deptt_Nm="" Vndr_Nm="" Vndr_ID="2100836" Style_Nmbr="" Style_ORIN="" Prod_Nm="DBL SPRT CMFRT STRCH:38 D:WHITE" Color_Nmbr="100" Color_Nm="White" Class_Nmbr="" Class_Desc="" Completion_Date="2013-12-02T05:00:00" Prod_cd_Salsify="0400001240892" ECOMColorCd="100" ReturnTo="" RequestedReturnDt="" ReturnNotes=""/>
      </Image>
    </ShotGroup>
    <ShotGroup SalsifyID="">
      <Image ImageName="2100836__A_100" ShotView="A" ShotType="" Collections="N" BuyerComments="">
        <Sample FOB="" Deptt_Nmbr="" Deptt_Nm="" Vndr_Nm="" Vndr_ID="2100836" Style_Nmbr="" Style_ORIN="" Prod_Nm="DBL SPRT CMFRT STRCH:40 B:WHITE" Color_Nmbr="100" Color_Nm="White" Class_Nmbr="" Class_Desc="" Completion_Date="2013-12-02T05:00:00" Prod_cd_Salsify="0400001240908" ECOMColorCd="100" ReturnTo="" RequestedReturnDt="" ReturnNotes=""/>
      </Image>
    </ShotGroup>
    <ShotGroup SalsifyID="">
      <Image ImageName="2100836__A_100" ShotView="A" ShotType="" Collections="N" BuyerComments="">
        <Sample FOB="" Deptt_Nmbr="" Deptt_Nm="" Vndr_Nm="" Vndr_ID="2100836" Style_Nmbr="" Style_ORIN="" Prod_Nm="DBL SPRT CMFRT STRCH:40 C:WHITE" Color_Nmbr="100" Color_Nm="White" Class_Nmbr="" Class_Desc="" Completion_Date="2013-12-02T05:00:00" Prod_cd_Salsify="0400001240915" ECOMColorCd="100" ReturnTo="" RequestedReturnDt="" ReturnNotes=""/>
      </Image>
    </ShotGroup>
    <ShotGroup SalsifyID="">
      <Image ImageName="2100836__A_100" ShotView="A" ShotType="" Collections="N" BuyerComments="">
        <Sample FOB="" Deptt_Nmbr="" Deptt_Nm="" Vndr_Nm="" Vndr_ID="2100836" Style_Nmbr="" Style_ORIN="" Prod_Nm="DBL SPRT CMFRT STRCH:40 D:WHITE" Color_Nmbr="100" Color_Nm="White" Class_Nmbr="" Class_Desc="" Completion_Date="2013-12-02T05:00:00" Prod_cd_Salsify="0400001240922" ECOMColorCd="100" ReturnTo="" RequestedReturnDt="" ReturnNotes=""/>
      </Image>
    </ShotGroup>
    <ShotGroup SalsifyID="">
      <Image ImageName="2100836__A_100" ShotView="A" ShotType="" Collections="N" BuyerComments="">
        <Sample FOB="" Deptt_Nmbr="" Deptt_Nm="" Vndr_Nm="" Vndr_ID="2100836" Style_Nmbr="" Style_ORIN="" Prod_Nm="DBL SPRT CMFRT STRCH:42 C:WHITE" Color_Nmbr="100" Color_Nm="White" Class_Nmbr="" Class_Desc="" Completion_Date="2013-12-02T05:00:00" Prod_cd_Salsify="0400001240939" ECOMColorCd="100" ReturnTo="" RequestedReturnDt="" ReturnNotes=""/>
      </Image>
    </ShotGroup>
    <ShotGroup SalsifyID="">
      <Image ImageName="2100836__A_100" ShotView="A" ShotType="" Collections="N" BuyerComments="">
        <Sample FOB="" Deptt_Nmbr="" Deptt_Nm="" Vndr_Nm="" Vndr_ID="2100836" Style_Nmbr="" Style_ORIN="" Prod_Nm="DBL SPRT CMFRT STRCH:42 D:WHITE" Color_Nmbr="100" Color_Nm="White" Class_Nmbr="" Class_Desc="" Completion_Date="2013-12-02T05:00:00" Prod_cd_Salsify="0400001240946" ECOMColorCd="100" ReturnTo="" RequestedReturnDt="" ReturnNotes=""/>
      </Image>
    </ShotGroup>
    <ShotGroup SalsifyID="">
      <Image ImageName="2100836__A_100" ShotView="A" ShotType="" Collections="N" BuyerComments="">
        <Sample FOB="" Deptt_Nmbr="" Deptt_Nm="" Vndr_Nm="" Vndr_ID="2100836" Style_Nmbr="" Style_ORIN="" Prod_Nm="UW FLOWER BALI:34 DDD:WHITE" Color_Nmbr="100" Color_Nm="WHITE" Class_Nmbr="" Class_Desc="" Completion_Date="2013-12-02T05:00:00" Prod_cd_Salsify="0400001310496" ECOMColorCd="100" ReturnTo="" RequestedReturnDt="" ReturnNotes=""/>
      </Image>
    </ShotGroup>
    <ShotGroup SalsifyID="">
      <Image ImageName="2100836__A_100" ShotView="A" ShotType="" Collections="N" BuyerComments="">
        <Sample FOB="" Deptt_Nmbr="" Deptt_Nm="" Vndr_Nm="" Vndr_ID="2100836" Style_Nmbr="" Style_ORIN="" Prod_Nm="UW FLOWER BALI:36 DDD:WHITE" Color_Nmbr="100" Color_Nm="WHITE" Class_Nmbr="" Class_Desc="" Completion_Date="2013-12-02T05:00:00" Prod_cd_Salsify="0400001310502" ECOMColorCd="100" ReturnTo="" RequestedReturnDt="" ReturnNotes=""/>
      </Image>
    </ShotGroup>
    <ShotGroup SalsifyID="">
      <Image ImageName="2100836__A_100" ShotView="A" ShotType="" Collections="N" BuyerComments="">
        <Sample FOB="" Deptt_Nmbr="" Deptt_Nm="" Vndr_Nm="" Vndr_ID="2100836" Style_Nmbr="" Style_ORIN="" Prod_Nm="UW FLOWER BALI:38 DDD:WHITE" Color_Nmbr="100" Color_Nm="WHITE" Class_Nmbr="" Class_Desc="" Completion_Date="2013-12-02T05:00:00" Prod_cd_Salsify="0400001310519" ECOMColorCd="100" ReturnTo="" RequestedReturnDt="" ReturnNotes=""/>
      </Image>
    </ShotGroup>
    <ShotGroup SalsifyID="">
      <Image ImageName="2100836__A_100" ShotView="A" ShotType="" Collections="N" BuyerComments="">
        <Sample FOB="" Deptt_Nmbr="" Deptt_Nm="" Vndr_Nm="" Vndr_ID="2100836" Style_Nmbr="" Style_ORIN="" Prod_Nm="UW FLOWER BALI:40 DDD:WHITE" Color_Nmbr="100" Color_Nm="WHITE" Class_Nmbr="" Class_Desc="" Completion_Date="2013-12-02T05:00:00" Prod_cd_Salsify="0400001310526" ECOMColorCd="100" ReturnTo="" RequestedReturnDt="" ReturnNotes=""/>
      </Image>
    </ShotGroup>
    <ShotGroup SalsifyID="">
      <Image ImageName="2100836__A_100" ShotView="A" ShotType="" Collections="N" BuyerComments="">
        <Sample FOB="" Deptt_Nmbr="" Deptt_Nm="" Vndr_Nm="" Vndr_ID="2100836" Style_Nmbr="" Style_ORIN="" Prod_Nm="UW FLOWER BALI:42 DDD:WHITE" Color_Nmbr="100" Color_Nm="WHITE" Class_Nmbr="" Class_Desc="" Completion_Date="2013-12-02T05:00:00" Prod_cd_Salsify="0400001310533" ECOMColorCd="100" ReturnTo="" RequestedReturnDt="" ReturnNotes=""/>
      </Image>
    </ShotGroup>
    <ShotGroup SalsifyID="">
      <Image ImageName="2100836__A_100" ShotView="A" ShotType="" Collections="N" BuyerComments="">
        <Sample FOB="" Deptt_Nmbr="" Deptt_Nm="" Vndr_Nm="" Vndr_ID="2100836" Style_Nmbr="" Style_ORIN="" Prod_Nm="UW FLOWER BALI:44 DDD:WHITE" Color_Nmbr="100" Color_Nm="WHITE" Class_Nmbr="" Class_Desc="" Completion_Date="2013-12-02T05:00:00" Prod_cd_Salsify="0400001310649" ECOMColorCd="100" ReturnTo="" RequestedReturnDt="" ReturnNotes=""/>
      </Image>
    </ShotGroup>
    <ShotGroup SalsifyID="">
      <Image ImageName="_00506_A_110" ShotView="A" ShotType="" Collections="N" BuyerComments="">
        <Sample FOB="14" Deptt_Nmbr="231" Deptt_Nm="" Vndr_Nm="KIM ROGERS/CAROLINA UNDERWEAR" Vndr_ID="" Style_Nmbr="00506" Style_ORIN="100645407" Prod_Nm="3/14.99 CTN BRF:11:WHITE" Color_Nmbr="" Color_Nm="WHITE" Class_Nmbr="2311" Class_Desc="" Completion_Date="2012-08-15T04:00:00" Prod_cd_Salsify="0400001564301" ECOMColorCd="110" ReturnTo="" RequestedReturnDt="" ReturnNotes=""/>
      </Image>
    </ShotGroup>
    <ShotGroup SalsifyID="">
      <Image ImageName="_00506_A_110" ShotView="A" ShotType="" Collections="N" BuyerComments="">
        <Sample FOB="14" Deptt_Nmbr="231" Deptt_Nm="" Vndr_Nm="KIM ROGERS/CAROLINA UNDERWEAR" Vndr_ID="" Style_Nmbr="00506" Style_ORIN="100645407" Prod_Nm="3/14.99 CTN BRF:12:WHITE" Color_Nmbr="" Color_Nm="WHITE" Class_Nmbr="2311" Class_Desc="" Completion_Date="2012-08-15T04:00:00" Prod_cd_Salsify="0400001564318" ECOMColorCd="110" ReturnTo="" RequestedReturnDt="" ReturnNotes=""/>
      </Image>
    </ShotGroup>
    <ShotGroup SalsifyID="">
      <Image ImageName="_00506_A_110" ShotView="A" ShotType="" Collections="N" BuyerComments="">
        <Sample FOB="14" Deptt_Nmbr="231" Deptt_Nm="" Vndr_Nm="KIM ROGERS/CAROLINA UNDERWEAR" Vndr_ID="" Style_Nmbr="00506" Style_ORIN="100645407" Prod_Nm="3/14.99 CTN BRF:13:WHITE" Color_Nmbr="" Color_Nm="WHITE" Class_Nmbr="2311" Class_Desc="" Completion_Date="2012-08-15T04:00:00" Prod_cd_Salsify="0400001564325" ECOMColorCd="110" ReturnTo="" RequestedReturnDt="" ReturnNotes=""/>
      </Image>
    </ShotGroup>
    <ShotGroup SalsifyID="">
      <Image ImageName="7600030_CAC01201_A_000" ShotView="A" ShotType="" Collections="N" BuyerComments="">
        <Sample FOB="54" Deptt_Nmbr="761" Deptt_Nm="" Vndr_Nm="MIKASA CHINA/SILVER" Vndr_ID="7600030" Style_Nmbr="CAC01201" Style_ORIN="" Prod_Nm="ARABELLA   DIN PLATE:No Size:NO COLOR" Color_Nmbr="000" Color_Nm="NO COLOR" Class_Nmbr="7612" Class_Desc="" Completion_Date="" Prod_cd_Salsify="0400001876565" ECOMColorCd="000" ReturnTo="" RequestedReturnDt="" ReturnNotes=""/>
      </Image>
    </ShotGroup>
  </Project>
</root>
